#,Company,Symbol,Weight,Price,Chg,% Chg
1,Apple Inc.,AAPL,6.700995,127.3,-1.4,(-1.09%)
2,Microsoft Corporation,MSFT,5.377634,218.75,-0.67,(-0.31%)
3,Amazon.com Inc.,AMZN,4.462667,"3,229.00",-7.08,(-0.22%)
4,Facebook Inc. Class A,FB,2.137493,276.9,2.42,-0.88%
5,Alphabet Inc. Class A,GOOGL,1.693837,"1,726.22",-14.29,(-0.82%)
6,Alphabet Inc. Class C,GOOG,1.662108,"1,732.55",-15.35,(-0.88%)
7,Berkshire Hathaway Inc. Class B,BRK.B,1.442523,223.43,-1.25,(-0.56%)
8,Johnson & Johnson,JNJ,1.310681,154.51,0.89,-0.58%
9,JPMorgan Chase & Co.,JPM,1.181275,119.08,-0.59,(-0.49%)
10,Visa Inc. Class A,V,1.153804,211.31,0.13,-0.06%
11,Procter & Gamble Company,PG,1.115386,139.04,0.79,-0.57%
12,NVIDIA Corporation,NVDA,1.066454,530.75,-2.9,(-0.54%)
13,UnitedHealth Group Incorporated,UNH,1.051716,338.38,-3.29,(-0.96%)
14,Walt Disney Company,DIS,1.015792,172.89,-0.66,(-0.38%)
15,Mastercard Incorporated Class A,MA,0.964387,340.33,3.43,-1.02%
16,Home Depot Inc.,HD,0.955707,270.45,-3.52,(-1.28%)
17,PayPal Holdings Inc,PYPL,0.895014,237.65,2.14,-0.91%
18,Verizon Communications Inc.,VZ,0.804319,60.46,0.45,-0.75%
19,Adobe Inc.,ADBE,0.769594,501.25,5.89,-1.19%
20,Netflix Inc.,NFLX,0.761592,533.9,1,-0.19%
21,Comcast Corporation Class A,CMCSA,0.758349,51.2,-0.16,(-0.31%)
22,Bank of America Corp,BAC,0.712635,28.67,-0.16,(-0.55%)
23,Intel Corporation,INTC,0.697294,47.32,-3.33,(-6.57%)
24,Pfizer Inc.,PFE,0.685136,37.68,-0.35,(-0.92%)
25,AT&T Inc.,T,0.6842,29.4,-0.22,(-0.74%)
26,Coca-Cola Company,KO,0.667649,53.74,0.47,-0.88%
27,salesforce.com inc.,CRM,0.6665,227.43,1.51,-0.67%
28,Walmart Inc.,WMT,0.657691,145.95,-0.15,(-0.10%)
29,Merck & Co. Inc.,MRK,0.654227,79.53,-0.29,(-0.36%)
30,PepsiCo Inc.,PEP,0.654092,146.93,1.22,-0.84%
31,Abbott Laboratories,ABT,0.624418,108.97,0.19,-0.17%
32,Cisco Systems Inc.,CSCO,0.615147,45.45,0.63,-1.41%
33,AbbVie Inc.,ABBV,0.60008,104.45,-0.44,(-0.42%)
34,Thermo Fisher Scientific Inc.,TMO,0.596223,466.68,1.74,-0.37%
35,Exxon Mobil Corporation,XOM,0.596033,42.73,-0.75,(-1.72%)
36,NIKE Inc. Class B,NKE,0.5658,137.28,-3.22,(-2.29%)
37,Broadcom Inc.,AVGO,0.554178,435.5,9.4,-2.21%
38,Chevron Corporation,CVX,0.551485,87.19,-1.22,(-1.38%)
39,Qualcomm Inc,QCOM,0.546957,147.35,-2.18,(-1.46%)
40,Accenture Plc Class A,ACN,0.545514,266.25,1.78,-0.67%
41,Costco Wholesale Corporation,COST,0.530075,367.99,-2.3,(-0.62%)
42,McDonald's Corporation,MCD,0.51687,215.08,0.83,-0.39%
43,Medtronic Plc,MDT,0.502431,116.71,1.37,-1.19%
44,Texas Instruments Incorporated,TXN,0.483101,164.5,1.81,-1.11%
45,Honeywell International Inc.,HON,0.482229,210.04,-1.9,(-0.90%)
46,NextEra Energy Inc.,NEE,0.476637,74.51,-0.55,(-0.73%)
47,Danaher Corporation,DHR,0.459308,226.11,1.62,-0.72%
48,Bristol-Myers Squibb Company,BMY,0.456995,63.12,0.58,-0.93%
49,Union Pacific Corporation,UNP,0.445011,203.6,1.4,-0.69%
50,Eli Lilly and Company,LLY,0.444314,171.4,-1.23,(-0.71%)
51,Amgen Inc.,AMGN,0.439092,228.3,-2.94,(-1.27%)
52,Linde plc,LIN,0.437073,257.67,1.04,-0.41%
53,Philip Morris International Inc.,PM,0.432533,86.09,0.42,-0.49%
54,Citigroup Inc.,C,0.405265,59.06,-0.99,(-1.65%)
55,Lowe's Companies Inc.,LOW,0.400649,163.2,-0.34,(-0.21%)
56,United Parcel Service Inc. Class B,UPS,0.399493,175.18,0.69,-0.40%
57,Oracle Corporation,ORCL,0.398694,65.06,1.45,-2.28%
58,Wells Fargo & Company,WFC,0.393644,29.01,-0.46,(-1.56%)
59,Starbucks Corporation,SBUX,0.391117,103.09,-0.12,(-0.12%)
60,Boeing Company,BA,0.380569,219.75,-1.49,(-0.67%)
61,Advanced Micro Devices Inc.,AMD,0.368601,95.75,-1.09,(-1.13%)
62,International Business Machines Corporation,IBM,0.362485,125.85,0.3,-0.24%
63,Raytheon Technologies Corporation,RTX,0.349874,70.17,-0.47,(-0.67%)
64,ServiceNow Inc.,NOW,0.343581,565.43,11.36,-2.05%
65,3M Company,MMM,0.329743,176.42,-0.23,(-0.13%)
66,BlackRock Inc.,BLK,0.324623,698.8,-7.21,(-1.02%)
67,Intuit Inc.,INTU,0.322505,382.1,1.78,-0.47%
68,American Tower Corporation,AMT,0.320237,221.52,-1.19,(-0.53%)
69,Charter Communications Inc. Class A,CHTR,0.317127,652,-1.98,(-0.30%)
70,Caterpillar Inc.,CAT,0.314409,180.96,1.79,-1.00%
71,General Electric Company,GE,0.3075,10.81,-0.07,(-0.64%)
72,Morgan Stanley,MS,0.299409,64.18,-0.49,(-0.76%)
73,Intuitive Surgical Inc.,ISRG,0.295736,789,9.22,-1.18%
74,CVS Health Corporation,CVS,0.295131,69.55,-0.04,(-0.06%)
75,Fidelity National Information Services Inc.,FIS,0.293248,145.22,-0.75,(-0.51%)
76,Lockheed Martin Corporation,LMT,0.281203,356.03,3.43,-0.97%
77,Booking Holdings Inc.,BKNG,0.280408,"2,099.65",-13.78,(-0.65%)
78,Target Corporation,TGT,0.277803,170.42,-0.82,(-0.48%)
79,Goldman Sachs Group Inc.,GS,0.272655,242.13,-2.3,(-0.94%)
80,Deere & Company,DE,0.268637,270.7,6.17,-2.33%
81,Mondelez International Inc. Class A,MDLZ,0.268256,58.34,0.41,-0.71%
82,TJX Companies Inc,TJX,0.262323,67.7,0.19,-0.28%
83,Micron Technology Inc.,MU,0.260246,71.25,-1.01,(-1.40%)
84,Applied Materials Inc.,AMAT,0.25907,86.3,-1.2,(-1.37%)
85,Altria Group Inc,MO,0.259047,43.78,0.78,-1.81%
86,Anthem Inc.,ANTM,0.256108,308.64,-5.44,(-1.73%)
87,Stryker Corporation,SYK,0.252271,240,1.9,-0.80%
88,American Express Company,AXP,0.251572,117.51,-1.47,(-1.24%)
89,S&P Global Inc.,SPGI,0.250822,322.5,1.44,-0.45%
90,Zoetis Inc. Class A,ZTS,0.250458,163.63,0.93,-0.57%
91,Charles Schwab Corporation,SCHW,0.24839,51.98,0.2,-0.39%
92,Automatic Data Processing Inc.,ADP,0.247181,179.24,1.9,-1.07%
93,T-Mobile US Inc.,TMUS,0.245188,132.5,2.49,-1.92%
94,Cigna Corporation,CI,0.241199,197.08,-5.55,(-2.74%)
95,Prologis Inc.,PLD,0.240151,98.07,-2.51,(-2.50%)
96,Gilead Sciences Inc.,GILD,0.240095,58.95,-0.12,(-0.20%)
97,Colgate-Palmolive Company,CL,0.237271,85.93,0.27,-0.32%
98,Becton Dickinson and Company,BDX,0.233729,252.09,3.39,-1.36%
99,FedEx Corporation,FDX,0.228385,275.57,-16.69,(-5.71%)
100,Lam Research Corporation,LRCX,0.228164,482,-4.24,(-0.87%)
101,Chubb Limited,CB,0.224896,152.36,-1.05,(-0.68%)
102,CSX Corporation,CSX,0.224579,90.66,0.11,-0.12%
103,Activision Blizzard Inc.,ATVI,0.221628,90.39,1.93,-2.18%
104,Duke Energy Corporation,DUK,0.218114,90.32,-1.2,(-1.31%)
105,CME Group Inc. Class A,CME,0.214294,186.77,1.83,-0.99%
106,Autodesk Inc.,ADSK,0.211401,309.99,12.64,-4.25%
107,Crown Castle International Corp,CCI,0.211039,153.81,-1.94,(-1.25%)
108,Southern Company,SO,0.209014,60.14,-0.93,(-1.52%)
109,Dominion Energy Inc,D,0.206717,75.37,-0.56,(-0.74%)
110,Fiserv Inc.,FISV,0.206685,114.81,0.11,-0.10%
111,Truist Financial Corporation,TFC,0.205689,45.9,-1.2,(-2.55%)
112,Intercontinental Exchange Inc.,ICE,0.205239,112.83,0.04,-0.04%
113,Equinix Inc.,EQIX,0.204555,709.73,-3.01,(-0.42%)
114,U.S. Bancorp,USB,0.201143,44.86,-0.42,(-0.93%)
115,Vertex Pharmaceuticals Incorporated,VRTX,0.199713,236.77,-0.15,(-0.06%)
116,PNC Financial Services Group Inc.,PNC,0.199497,144.91,-0.11,(-0.08%)
117,Marsh & McLennan Companies Inc.,MMC,0.194902,116.27,-2.42,(-2.04%)
118,Sherwin-Williams Company,SHW,0.192968,728.23,1.98,-0.27%
119,Estee Lauder Companies Inc. Class A,EL,0.192808,261.31,-2.52,(-0.96%)
120,Illinois Tool Works Inc.,ITW,0.192169,203.88,-2.23,(-1.08%)
121,Air Products and Chemicals Inc.,APD,0.191611,269.55,0.95,-0.35%
122,Norfolk Southern Corporation,NSC,0.19081,232.39,1.7,-0.74%
123,Global Payments Inc.,GPN,0.189906,196.33,0.91,-0.47%
124,Progressive Corporation,PGR,0.182234,96.95,0.64,-0.66%
125,Ecolab Inc.,ECL,0.177346,218.58,-2.03,(-0.92%)
126,Edwards Lifesciences Corporation,EW,0.174553,86.82,0.3,-0.35%
127,Dollar General Corporation,DG,0.171595,210.48,-2.07,(-0.97%)
128,Analog Devices Inc.,ADI,0.171521,140.58,-3.2,(-2.23%)
129,General Motors Company,GM,0.171052,41.01,-1.02,(-2.43%)
130,Illumina Inc.,ILMN,0.170944,366.06,4.76,-1.32%
131,Humana Inc.,HUM,0.169597,391.62,-4.72,(-1.19%)
132,Regeneron Pharmaceuticals Inc.,REGN,0.168167,506.54,10.33,-2.08%
133,DuPont de Nemours Inc.,DD,0.165306,71.33,1.84,-2.65%
134,Boston Scientific Corporation,BSX,0.164419,35.45,0.06,-0.17%
135,Newmont Corporation,NEM,0.160414,60.5,-1.14,(-1.85%)
136,Aon Plc Class A,AON,0.158701,205.49,-5.81,(-2.75%)
137,Emerson Electric Co.,EMR,0.157173,80.9,-0.26,(-0.32%)
138,Northrop Grumman Corporation,NOC,0.15115,303.13,2.45,-0.81%
139,Kimberly-Clark Corporation,KMB,0.150661,135.08,-1.24,(-0.91%)
140,Eaton Corp. Plc,ETN,0.149483,116.08,0.79,-0.69%
141,Waste Management Inc.,WM,0.148236,117.41,-0.1,(-0.09%)
142,Moody's Corporation,MCO,0.146498,283.37,3.31,-1.18%
143,ConocoPhillips,COP,0.146371,40.98,-0.99,(-2.36%)
144,Cognizant Technology Solutions Corporation Class A,CTSH,0.143663,81.02,-0.71,(-0.87%)
145,Roper Technologies Inc.,ROP,0.143163,426.19,1.15,-0.27%
146,HCA Healthcare Inc,HCA,0.140968,164.34,-0.41,(-0.25%)
147,Twitter Inc.,TWTR,0.139352,55.87,1.24,-2.27%
148,Capital One Financial Corporation,COF,0.139282,91.57,-2.51,(-2.67%)
149,Ross Stores Inc.,ROST,0.134813,117.59,0.9,-0.77%
150,American Electric Power Company Inc.,AEP,0.134224,83.29,-0.57,(-0.68%)
151,Exelon Corporation,EXC,0.134032,42.57,-0.08,(-0.19%)
152,Baxter International Inc.,BAX,0.132991,80.86,-0.18,(-0.22%)
153,IDEXX Laboratories Inc.,IDXX,0.131693,487,9.2,-1.93%
154,Electronic Arts Inc.,EA,0.130929,142.62,2.77,-1.98%
155,KLA Corporation,KLAC,0.130905,262.15,2.47,-0.95%
156,L3Harris Technologies Inc,LHX,0.130359,187.21,1.5,-0.81%
157,Dow Inc.,DOW,0.129095,55.66,1.83,-3.40%
158,Biogen Inc.,BIIB,0.128443,249,-1.24,(-0.50%)
159,Chipotle Mexican Grill Inc.,CMG,0.127766,"1,418.57",8.89,-0.63%
160,Amphenol Corporation Class A,APH,0.127028,130.65,-1.52,(-1.15%)
161,TE Connectivity Ltd.,TEL,0.124299,117.49,1.33,-1.14%
162,Sempra Energy,SRE,0.123541,130.7,-1.04,(-0.79%)
163,Sysco Corporation,SYY,0.122757,72.28,-2.16,(-2.90%)
164,Synopsys Inc.,SNPS,0.122723,255,4.71,-1.88%
165,Align Technology Inc.,ALGN,0.122463,529.92,3.2,-0.61%
166,Xilinx Inc.,XLNX,0.12007,149.8,-2.06,(-1.36%)
167,Agilent Technologies Inc.,A,0.119286,119.3,0.33,-0.28%
168,MSCI Inc. Class A,MSCI,0.118458,443.06,6.28,-1.44%
169,Constellation Brands Inc. Class A,STZ,0.117813,218.68,0.88,-0.40%
170,General Mills Inc.,GIS,0.117131,59.4,-0.3,(-0.50%)
171,Digital Realty Trust Inc.,DLR,0.116846,134.02,0.09,-0.07%
172,Centene Corporation,CNC,0.116844,61.15,-0.94,(-1.51%)
173,MetLife Inc.,MET,0.116283,45.65,-0.84,(-1.81%)
174,Freeport-McMoRan Inc.,FCX,0.116048,24.63,-0.09,(-0.36%)
175,Cadence Design Systems Inc.,CDNS,0.115449,132.44,5.14,-4.04%
176,Public Storage,PSA,0.11468,228.93,-3.63,(-1.56%)
177,Ford Motor Company,F,0.114624,8.95,-0.13,(-1.43%)
178,Microchip Technology Incorporated,MCHP,0.114348,138.31,-1.41,(-1.01%)
179,General Dynamics Corporation,GD,0.114171,152.67,1.08,-0.71%
180,eBay Inc.,EBAY,0.113923,53.23,0.18,-0.34%
181,Xcel Energy Inc.,XEL,0.11355,65.69,-1.32,(-1.97%)
182,Parker-Hannifin Corporation,PH,0.113457,272,-1.3,(-0.48%)
183,Travelers Companies Inc.,TRV,0.113456,138.86,0.83,-0.60%
184,Johnson Controls International plc,JCI,0.112368,46.24,-0.21,(-0.45%)
185,Marriott International Inc. Class A,MAR,0.112332,130,-0.29,(-0.22%)
186,Alexion Pharmaceuticals Inc.,ALXN,0.112206,156.75,-1.18,(-0.75%)
187,T. Rowe Price Group,TROW,0.111293,150.44,-0.86,(-0.57%)
188,DexCom Inc.,DXCM,0.111038,358.57,0.66,-0.18%
189,IQVIA Holdings Inc,IQV,0.110965,180.39,1.44,-0.80%
190,PPG Industries Inc.,PPG,0.110247,145.43,1.14,-0.79%
191,Trane Technologies plc,TT,0.109504,141.06,0.09,-0.06%
192,Aptiv PLC,APTV,0.10934,124.3,-0.59,(-0.47%)
193,O'Reilly Automotive Inc.,ORLY,0.108441,449,-2.83,(-0.63%)
194,Monster Beverage Corporation,MNST,0.107885,90.6,0.46,-0.51%
195,Allstate Corporation,ALL,0.107884,107.4,0.84,-0.79%
196,HP Inc.,HPQ,0.107849,24.46,0.24,-0.99%
197,Cummins Inc.,CMI,0.107183,224.31,0.88,-0.39%
198,American International Group Inc.,AIG,0.106722,37.48,-0.75,(-1.96%)
199,Yum! Brands Inc.,YUM,0.106357,109.78,0.99,-0.91%
200,Verisk Analytics Inc,VRSK,0.106243,204.47,3.23,-1.61%
201,Bank of New York Mellon Corporation,BK,0.106108,40.79,0.38,-0.94%
202,IHS Markit Ltd.,INFO,0.106034,87.98,0.3,-0.34%
203,TransDigm Group Incorporated,TDG,0.105099,608.33,9.98,-1.67%
204,Schlumberger NV,SLB,0.102641,22.31,-0.62,(-2.70%)
205,SBA Communications Corp. Class A,SBAC,0.102309,276.93,-5.11,(-1.81%)
206,Carrier Global Corp.,CARR,0.101898,38.79,0.09,-0.23%
207,Zimmer Biomet Holdings Inc.,ZBH,0.100951,151.85,0.49,-0.32%
208,Prudential Financial Inc.,PRU,0.099458,76.51,-1.15,(-1.48%)
209,Cintas Corporation,CTAS,0.099234,354.5,2.5,-0.71%
210,ResMed Inc.,RMD,0.099126,218.45,4.72,-2.21%
211,Paychex Inc.,PAYX,0.098531,97.55,1.9,-1.99%
212,EOG Resources Inc.,EOG,0.098123,51.77,-0.38,(-0.73%)
213,Ball Corporation,BLL,0.097569,92.19,0.21,-0.23%
214,Aflac Incorporated,AFL,0.096316,43.89,-0.92,(-2.05%)
215,Corteva Inc,CTVA,0.096006,39.41,-0.27,(-0.68%)
216,ANSYS Inc.,ANSS,0.095905,357.81,11.18,-3.23%
217,PACCAR Inc,PCAR,0.095521,86.01,0.24,-0.28%
218,Phillips 66,PSX,0.095352,66.85,-0.32,(-0.48%)
219,Walgreens Boots Alliance Inc,WBA,0.095324,40.89,0.01,-0.02%
220,Eversource Energy,ES,0.094277,84.71,-1.07,(-1.25%)
221,Stanley Black & Decker Inc.,SWK,0.094266,181.52,-0.57,(-0.31%)
222,Hilton Worldwide Holdings Inc,HLT,0.094123,104.61,-0.09,(-0.09%)
223,Simon Property Group Inc.,SPG,0.093795,85.43,-3.6,(-4.04%)
224,WEC Energy Group Inc,WEC,0.093605,91.32,-0.9,(-0.98%)
225,Motorola Solutions Inc.,MSI,0.093342,170.26,0.61,-0.36%
226,Public Service Enterprise Group Inc,PEG,0.093049,56.82,-0.37,(-0.65%)
227,Rockwell Automation Inc.,ROK,0.092287,247.95,0.76,-0.31%
228,Fastenal Company,FAST,0.091417,49.34,-0.23,(-0.46%)
229,McKesson Corporation,MCK,0.09035,173.55,0.64,-0.37%
230,Corning Inc,GLW,0.090259,36.24,-0.35,(-0.96%)
231,V.F. Corporation,VFC,0.089739,84.88,-1.67,(-1.93%)
232,Kinder Morgan Inc Class P,KMI,0.089629,14.21,-0.09,(-0.63%)
233,AutoZone Inc.,AZO,0.089628,"1,181.90",1.01,-0.09%
234,Welltower Inc.,WELL,0.089537,64.02,-1.93,(-2.93%)
235,Archer-Daniels-Midland Company,ADM,0.088846,49.68,0.3,-0.61%
236,Southwest Airlines Co.,LUV,0.088713,46.03,-0.36,(-0.78%)
237,American Water Works Company Inc.,AWK,0.088468,150.24,-1.62,(-1.07%)
238,Willis Towers Watson Public Limited Company,WLTW,0.088232,204.89,-7.34,(-3.46%)
239,Mettler-Toledo International Inc.,MTD,0.087942,"1,134.83",4.5,-0.40%
240,Discover Financial Services,DFS,0.086909,85.99,-1.49,(-1.70%)
241,AMETEK Inc.,AME,0.086639,118.1,0.47,-0.40%
242,Dollar Tree Inc.,DLTR,0.086616,111.88,-1.17,(-1.03%)
243,Otis Worldwide Corporation,OTIS,0.086249,65.61,-0.18,(-0.27%)
244,Marathon Petroleum Corporation,MPC,0.085202,40.35,-0.23,(-0.57%)
245,Williams Companies Inc.,WMB,0.085199,21.18,-0.62,(-2.84%)
246,Delta Air Lines Inc.,DAL,0.085016,40.68,-0.43,(-1.05%)
247,Weyerhaeuser Company,WY,0.082611,33.74,-0.72,(-2.09%)
248,Clorox Company,CLX,0.082106,203.17,0.83,-0.41%
249,State Street Corporation,STT,0.08096,70.66,-0.08,(-0.11%)
250,Copart Inc.,CPRT,0.080761,122.36,0.68,-0.56%
251,Arthur J. Gallagher & Co.,AJG,0.079021,125.32,-2.87,(-2.24%)
252,Skyworks Solutions Inc.,SWKS,0.078942,148.2,2.67,-1.83%
253,D.R. Horton Inc.,DHI,0.078834,73.23,-0.24,(-0.33%)
254,Kroger Co.,KR,0.078182,30.87,-0.13,(-0.42%)
255,Cerner Corporation,CERN,0.077345,77.6,-0.56,(-0.72%)
256,Edison International,EIX,0.077312,62.54,-0.36,(-0.57%)
257,Consolidated Edison Inc.,ED,0.077041,71.15,-0.47,(-0.66%)
258,FLEETCOR Technologies Inc.,FLT,0.076801,279.47,-2.54,(-0.90%)
259,Keysight Technologies Inc,KEYS,0.076778,128.26,1.4,-1.10%
260,DTE Energy Company,DTE,0.076696,121.7,-1.85,(-1.50%)
261,Best Buy Co. Inc.,BBY,0.075801,101.95,-0.39,(-0.38%)
262,First Republic Bank,FRC,0.075773,135.78,-2.32,(-1.68%)
263,Fortive Corp.,FTV,0.075759,69.83,0.5,-0.72%
264,Equifax Inc.,EFX,0.075641,195.17,1.42,-0.73%
265,McCormick & Company Incorporated,MKC,0.075029,93.37,-1.23,(-1.30%)
266,LyondellBasell Industries NV,LYB,0.074803,90.93,0.83,-0.92%
267,Valero Energy Corporation,VLO,0.074789,54.77,-1.57,(-2.79%)
268,Maxim Integrated Products Inc.,MXIM,0.074266,87.39,1.55,-1.81%
269,Ameriprise Financial Inc.,AMP,0.074112,186.94,-3.11,(-1.64%)
270,AvalonBay Communities Inc.,AVB,0.073886,158.44,-4.79,(-2.93%)
271,Etsy Inc.,ETSY,0.07276,191.14,3.04,-1.62%
272,Kraft Heinz Company,KHC,0.072725,34.75,0.13,-0.38%
273,Hershey Company,HSY,0.072724,150.88,-0.73,(-0.48%)
274,Take-Two Interactive Software Inc.,TTWO,0.071947,203.7,6.3,-3.19%
275,VeriSign Inc.,VRSN,0.071398,217.82,-0.11,(-0.05%)
276,Lennar Corporation Class A,LEN,0.071182,80.84,0.89,-1.11%
277,MarketAxess Holdings Inc.,MKTX,0.070357,578.88,1.53,-0.27%
278,Paycom Software Inc.,PAYC,0.070121,439.84,-1.96,(-0.44%)
279,CBRE Group Inc. Class A,CBRE,0.069714,63.29,-1.12,(-1.74%)
280,Church & Dwight Co. Inc.,CHD,0.069294,88.15,0.94,-1.08%
281,Viatris Inc.,VTRS,0.06901,17.91,0.19,-1.07%
282,PPL Corporation,PPL,0.068067,26.95,-0.4,(-1.46%)
283,Realty Income Corporation,O,0.067829,59.52,-1.51,(-2.47%)
284,Alexandria Real Estate Equities Inc.,ARE,0.067557,175.26,-2.44,(-1.37%)
285,Equity Residential,EQR,0.06621,57.65,-1.99,(-3.34%)
286,ViacomCBS Inc. Class B,VIAC,0.066165,35.26,-0.94,(-2.60%)
287,Republic Services Inc.,RSG,0.066018,96.78,-0.11,(-0.11%)
288,West Pharmaceutical Services Inc.,WST,0.065479,277.66,4.08,-1.49%
289,Zebra Technologies Corporation Class A,ZBRA,0.064892,373,-2.43,(-0.65%)
290,Entergy Corporation,ETR,0.064749,100.02,-0.54,(-0.54%)
291,Teradyne Inc.,TER,0.064241,121.2,1.85,-1.55%
292,Laboratory Corporation of America Holdings,LH,0.06367,205.11,2.42,-1.19%
293,International Paper Company,IP,0.063297,49.98,0.23,-0.46%
294,Hologic Inc.,HOLX,0.063031,74.99,-0.11,(-0.15%)
295,CDW Corp.,CDW,0.062525,134.37,-0.87,(-0.64%)
296,Fifth Third Bancorp,FITB,0.062478,27.5,0.37,-1.36%
297,Ameren Corporation,AEE,0.062334,78.86,0.12,-0.15%
298,Northern Trust Corporation,NTRS,0.062135,91.9,-0.2,(-0.22%)
299,Tyson Foods Inc. Class A,TSN,0.062041,64.95,-0.05,(-0.08%)
300,Ventas Inc.,VTR,0.061535,50.83,-0.66,(-1.28%)
301,Pioneer Natural Resources Company,PXD,0.061438,114.36,-0.02,(-0.02%)
302,SVB Financial Group,SIVB,0.061096,357.8,-7.06,(-1.93%)
303,Las Vegas Sands Corp.,LVS,0.061059,57.43,0.09,-0.16%
304,Old Dominion Freight Line Inc.,ODFL,0.060547,199.54,3.48,-1.77%
305,Teleflex Incorporated,TFX,0.060154,408.9,6,-1.49%
306,Kansas City Southern,KSU,0.060117,197.62,1,-0.51%
307,W.W. Grainger Inc.,GWW,0.059827,410.46,0.42,-0.10%
308,Vulcan Materials Company,VMC,0.059627,145.22,5.68,-4.07%
309,Fortinet Inc.,FTNT,0.059515,146,9.58,-7.02%
310,Amcor PLC,AMCR,0.059178,11.66,0.1,-0.87%
311,Qorvo Inc.,QRVO,0.059103,163.5,3.9,-2.44%
312,Tyler Technologies Inc.,TYL,0.058862,448.81,-6.47,(-1.42%)
313,ONEOK Inc.,OKE,0.058656,39.87,-0.86,(-2.11%)
314,Dover Corporation,DOV,0.058209,123.86,0.1,-0.08%
315,Synchrony Financial,SYF,0.058134,32.35,-0.95,(-2.85%)
316,Xylem Inc.,XYL,0.057729,100.05,0.3,-0.30%
317,Halliburton Company,HAL,0.057202,19.68,-0.4,(-1.99%)
318,Conagra Brands Inc.,CAG,0.056681,36.12,-0.05,(-0.14%)
319,Garmin Ltd.,GRMN,0.05619,119.49,0.86,-0.72%
320,Broadridge Financial Solutions Inc.,BR,0.055812,153.88,3.05,-2.02%
321,Cooper Companies Inc.,COO,0.055752,349.63,-1.89,(-0.54%)
322,Akamai Technologies Inc.,AKAM,0.055301,107.08,1.47,-1.39%
323,Catalent Inc,CTLT,0.055136,105,1.38,-1.33%
324,Tractor Supply Company,TSCO,0.054824,147.08,1.57,-1.08%
325,Expedia Group Inc.,EXPE,0.05475,124,-0.48,(-0.39%)
326,Ingersoll Rand Inc.,IR,0.054682,45.22,-0.22,(-0.48%)
327,CMS Energy Corporation,CMS,0.054634,59.23,-0.28,(-0.47%)
328,Hartford Financial Services Group Inc.,HIG,0.054571,47.65,0.87,-1.86%
329,Nucor Corporation,NUE,0.054343,53.93,-1.52,(-2.74%)
330,United Rentals Inc.,URI,0.053691,227.54,-1.62,(-0.71%)
331,Martin Marietta Materials Inc.,MLM,0.053578,276.35,10.62,-4.00%
332,Healthpeak Properties Inc.,PEAK,0.05337,29.83,-0.66,(-2.16%)
333,FirstEnergy Corp.,FE,0.053339,30.34,-0.16,(-0.52%)
334,Incyte Corporation,INCY,0.053199,88.34,0.06,-0.07%
335,CarMax Inc.,KMX,0.053157,98.25,-1.54,(-1.54%)
336,Citrix Systems Inc.,CTXS,0.052366,131.19,0.45,-0.34%
337,M&T Bank Corporation,MTB,0.052333,123.73,-2.1,(-1.67%)
338,Occidental Petroleum Corporation,OXY,0.052055,18.52,-0.66,(-3.44%)
339,Quest Diagnostics Incorporated,DGX,0.05189,120.36,-0.36,(-0.30%)
340,PerkinElmer Inc.,PKI,0.051473,142.7,-0.72,(-0.50%)
341,Cardinal Health Inc.,CAH,0.051413,54.96,0.74,-1.36%
342,Varian Medical Systems Inc.,VAR,0.051304,174.8,0.39,-0.22%
343,Essex Property Trust Inc.,ESS,0.051198,234.37,-7.48,(-3.09%)
344,Western Digital Corporation,WDC,0.051192,53.44,-0.02,(-0.04%)
345,Hewlett Packard Enterprise Co.,HPE,0.051105,12.12,-0.06,(-0.49%)
346,Expeditors International of Washington Inc.,EXPD,0.051089,95.4,1.37,-1.46%
347,Kellogg Company,K,0.050692,62.08,-0.4,(-0.64%)
348,Waters Corporation,WAT,0.050471,250.38,-0.36,(-0.14%)
349,Arista Networks Inc.,ANET,0.050262,287.72,2.35,-0.82%
350,STERIS Plc,STE,0.050251,184.9,2.26,-1.24%
351,Hess Corporation,HES,0.050227,55.95,-0.72,(-1.27%)
352,Celanese Corporation,CE,0.05022,131.76,0.8,-0.61%
353,Darden Restaurants Inc.,DRI,0.0501,116.16,-2.46,(-2.07%)
354,Ulta Beauty Inc,ULTA,0.049789,267,-5.78,(-2.12%)
355,KeyCorp,KEY,0.049772,15.42,-0.16,(-1.03%)
356,Domino's Pizza Inc.,DPZ,0.0497,396.71,1.55,-0.39%
357,Regions Financial Corporation,RF,0.048717,15.26,-0.3,(-1.93%)
358,FMC Corporation,FMC,0.048582,115.65,0.03,-0.03%
359,Duke Realty Corporation,DRE,0.048238,39.24,-1.21,(-2.99%)
360,Citizens Financial Group Inc.,CFG,0.048124,34.21,-0.57,(-1.64%)
361,Extra Space Storage Inc.,EXR,0.047917,112.49,-1.68,(-1.47%)
362,Seagate Technology PLC,STX,0.04791,65.42,-0.79,(-1.19%)
363,IDEX Corporation,IEX,0.047835,198.55,0.67,-0.34%
364,Nasdaq Inc.,NDAQ,0.047798,128.6,0.1,-0.08%
365,NVR Inc.,NVR,0.047702,"4,226.87",7.07,-0.17%
366,Albemarle Corporation,ALB,0.047498,138.9,1.42,-1.03%
367,AES Corporation,AES,0.047148,22.54,0.45,-2.04%
368,AmerisourceBergen Corporation,ABC,0.04706,98.61,-0.13,(-0.13%)
369,Masco Corporation,MAS,0.046852,55.59,0.31,-0.56%
370,Brown-Forman Corporation Class B,BF.B,0.046501,79.42,0.51,-0.65%
371,Pool Corporation,POOL,0.046299,364.37,8.22,-2.31%
372,NetApp Inc.,NTAP,0.046146,64.86,0.74,-1.15%
373,Mid-America Apartment Communities Inc.,MAA,0.046098,124.04,-1.55,(-1.23%)
374,Boston Properties Inc.,BXP,0.046089,96.11,-4.31,(-4.29%)
375,Genuine Parts Company,GPC,0.045648,97.53,0.58,-0.60%
376,Tiffany & Co.,TIF,0.045548,131.1,-0.12,(-0.09%)
377,Eastman Chemical Company,EMN,0.045425,103.68,1.18,-1.15%
378,Teledyne Technologies Incorporated,TDY,0.045425,380.47,-0.46,(-0.12%)
379,Jacobs Engineering Group Inc.,J,0.045262,106.58,-0.42,(-0.39%)
380,Baker Hughes Company Class A,BKR,0.045239,21.17,-0.33,(-1.53%)
381,Leidos Holdings Inc.,LDOS,0.045226,105.67,0.84,-0.80%
382,Gartner Inc.,IT,0.045143,157.94,0.89,-0.57%
383,Omnicom Group Inc,OMC,0.044603,61.62,-1.69,(-2.67%)
384,United Airlines Holdings Inc.,UAL,0.043281,45.28,-0.6,(-1.31%)
385,Hormel Foods Corporation,HRL,0.043037,47.94,0.17,-0.36%
386,Royal Caribbean Group,RCL,0.042713,72.29,-1.65,(-2.23%)
387,Westinghouse Air Brake Technologies Corporation,WAB,0.042625,73.44,-0.09,(-0.12%)
388,J.M. Smucker Company,SJM,0.042265,115.88,0.56,-0.49%
389,Packaging Corporation of America,PKG,0.041348,134.86,-0.79,(-0.58%)
390,MGM Resorts International,MGM,0.041309,31.67,0.55,-1.77%
391,Avery Dennison Corporation,AVY,0.041111,152.96,0.73,-0.48%
392,ABIOMED Inc.,ABMD,0.040985,293.39,11.4,-4.04%
393,Cincinnati Financial Corporation,CINF,0.040861,83.04,-1.25,(-1.48%)
394,Alliant Energy Corp,LNT,0.040766,51.05,-0.68,(-1.31%)
395,Huntington Bancshares Incorporated,HBAN,0.040681,12.58,0.24,-1.94%
396,Bio-Rad Laboratories Inc. Class A,BIO,0.04059,605.87,21.63,-3.70%
397,Principal Financial Group Inc.,PFG,0.040516,47.95,-0.45,(-0.93%)
398,C.H. Robinson Worldwide Inc.,CHRW,0.040374,92.6,0.31,-0.34%
399,Jack Henry & Associates Inc.,JKHY,0.040151,161.63,-1.13,(-0.69%)
400,Evergy Inc.,EVRG,0.039977,53.35,-0.69,(-1.28%)
401,Fortune Brands Home & Security Inc.,FBHS,0.039794,89.63,0.74,-0.83%
402,Concho Resources Inc.,CXO,0.039504,59.56,-1.51,(-2.47%)
403,NortonLifeLock Inc.,NLOK,0.039395,21.24,0.68,-3.31%
404,International Flavors & Fragrances Inc.,IFF,0.039288,114.29,0.71,-0.63%
405,PulteGroup Inc.,PHM,0.038936,45.1,0.32,-0.71%
406,Atmos Energy Corporation,ATO,0.038774,95.11,-3.98,(-4.02%)
407,CenterPoint Energy Inc.,CNP,0.038755,21.87,-0.01,(-0.05%)
408,Whirlpool Corporation,WHR,0.038711,188.37,-2.38,(-1.25%)
409,Hasbro Inc.,HAS,0.038483,93.81,0.6,-0.64%
410,Raymond James Financial Inc.,RJF,0.03795,93.86,-0.91,(-0.96%)
411,DENTSPLY SIRONA Inc.,XRAY,0.037718,52.6,-0.67,(-1.26%)
412,J.B. Hunt Transport Services Inc.,JBHT,0.037479,140.46,1.75,-1.26%
413,WestRock Company,WRK,0.037282,44.62,-0.36,(-0.80%)
414,Lamb Weston Holdings Inc.,LW,0.037158,78.66,0.02,-0.03%
415,UDR Inc.,UDR,0.03641,37.01,-1.38,(-3.59%)
416,Carnival Corporation,CCL,0.036318,21.46,-0.17,(-0.79%)
417,Advance Auto Parts Inc.,AAP,0.035977,159.99,-0.35,(-0.22%)
418,Wynn Resorts Limited,WYNN,0.035784,116.8,1.99,-1.73%
419,Universal Health Services Inc. Class B,UHS,0.035193,137.29,-2.44,(-1.75%)
420,Textron Inc.,TXT,0.035039,47.37,0.38,-0.81%
421,Loews Corporation,L,0.034306,43.8,-0.61,(-1.37%)
422,Allegion PLC,ALLE,0.034166,113.75,0.93,-0.82%
423,F5 Networks Inc.,FFIV,0.033962,175.23,0.73,-0.42%
424,Live Nation Entertainment Inc.,LYV,0.033828,73.43,-0.55,(-0.74%)
425,Howmet Aerospace Inc.,HWM,0.0338,27.27,0.31,-1.15%
426,LKQ Corporation,LKQ,0.033692,36.15,-0.97,(-2.61%)
427,Host Hotels & Resorts Inc.,HST,0.032658,14.4,0.11,-0.77%
428,Lumen Technologies Inc.,LUMN,0.03212,10.16,-0.09,(-0.88%)
429,Henry Schein Inc.,HSIC,0.031873,67.78,-1.11,(-1.61%)
430,Fox Corporation Class A,FOXA,0.031786,28.16,-0.38,(-1.33%)
431,Cboe Global Markets Inc,CBOE,0.031569,90.78,1.24,-1.38%
432,Campbell Soup Company,CPB,0.031358,47.57,-0.21,(-0.44%)
433,BorgWarner Inc.,BWA,0.030886,38.62,-0.38,(-0.97%)
434,Quanta Services Inc.,PWR,0.030791,68.29,-0.53,(-0.77%)
435,Western Union Company,WU,0.03074,22.77,-0.31,(-1.34%)
436,Everest Re Group Ltd.,RE,0.030572,232.53,-2.63,(-1.12%)
437,W. R. Berkley Corporation,WRB,0.030424,66.28,-0.46,(-0.69%)
438,Snap-on Incorporated,SNA,0.03036,169.86,-1.3,(-0.76%)
439,Interpublic Group of Companies Inc.,IPG,0.02971,23.94,0.14,-0.59%
440,Globe Life Inc.,GL,0.02967,92.81,-0.62,(-0.66%)
441,Lincoln National Corporation,LNC,0.029129,48.61,-0.85,(-1.72%)
442,L Brands Inc.,LB,0.028807,38.63,-0.56,(-1.43%)
443,Pinnacle West Capital Corporation,PNW,0.028807,78.65,-0.67,(-0.84%)
444,Pentair plc,PNR,0.028731,52.26,-0.51,(-0.97%)
445,DaVita Inc.,DVA,0.02823,115.36,-0.37,(-0.32%)
446,American Airlines Group Inc.,AAL,0.027919,16.74,-0.06,(-0.36%)
447,Rollins Inc.,ROL,0.027886,40.6,0.39,-0.97%
448,Molson Coors Beverage Company Class B,TAP,0.027843,45.51,-0.46,(-1.00%)
449,NiSource Inc,NI,0.027614,22.4,-0.41,(-1.80%)
450,Iron Mountain Inc.,IRM,0.02738,29.48,-0.11,(-0.37%)
451,Tapestry Inc.,TPR,0.026688,28.86,-0.97,(-3.25%)
452,NRG Energy Inc.,NRG,0.026544,33.79,0.25,-0.75%
453,Mohawk Industries Inc.,MHK,0.026229,138.43,3.18,-2.35%
454,Mosaic Company,MOS,0.026079,23.39,0.29,-1.26%
455,CF Industries Holdings Inc.,CF,0.026019,37.64,0.1,-0.27%
456,Assurant Inc.,AIZ,0.02597,131.29,-1.08,(-0.82%)
457,Discovery Inc. Class C,DISCK,0.02539,24.52,-0.79,(-3.12%)
458,DISH Network Corporation Class A,DISH,0.02512,30.51,-0.9,(-2.87%)
459,IPG Photonics Corporation,IPGP,0.024884,216.82,-0.2,(-0.09%)
460,Newell Brands Inc,NWL,0.024749,20.6,0.51,-2.54%
461,Diamondback Energy Inc.,FANG,0.024707,46.2,-1.19,(-2.50%)
462,Regency Centers Corporation,REG,0.024286,45.93,-1.56,(-3.28%)
463,A. O. Smith Corporation,AOS,0.024243,55.64,0.38,-0.69%
464,Juniper Networks Inc.,JNPR,0.02413,22.68,0.45,-2.02%
465,Comerica Incorporated,CMA,0.023772,52.63,-0.14,(-0.27%)
466,Robert Half International Inc.,RHI,0.023163,63.05,0.7,-1.12%
467,Norwegian Cruise Line Holdings Ltd.,NCLH,0.022657,25.18,-0.23,(-0.91%)
468,Sealed Air Corporation,SEE,0.022646,45.41,0.62,-1.38%
469,Huntington Ingalls Industries Inc.,HII,0.022564,169.62,-0.85,(-0.50%)
470,Cabot Oil & Gas Corporation,COG,0.022255,16.97,-0.26,(-1.51%)
471,Zions Bancorporation N.A.,ZION,0.022249,41.08,-0.79,(-1.89%)
472,Nielsen Holdings Plc,NLSN,0.022231,20.09,0.48,-2.45%
473,PVH Corp.,PVH,0.022159,95.26,-1.14,(-1.18%)
474,Franklin Resources Inc.,BEN,0.021817,25.01,-0.15,(-0.60%)
475,News Corporation Class A,NWSA,0.021734,18.89,1.18,-6.66%
476,Invesco Ltd.,IVZ,0.021088,17.45,-0.03,(-0.17%)
477,Perrigo Co. Plc,PRGO,0.020696,46.09,-0.88,(-1.87%)
478,Kimco Realty Corporation,KIM,0.020543,14.62,-0.46,(-3.05%)
479,Federal Realty Investment Trust,FRT,0.020498,88.31,-2.42,(-2.67%)
480,Devon Energy Corporation,DVN,0.020227,15.63,-0.47,(-2.92%)
481,Alaska Air Group Inc.,ALK,0.01999,50.35,0.18,-0.36%
482,Vornado Realty Trust,VNO,0.019699,36.71,-1.67,(-4.35%)
483,Apartment Income REIT Corp,AIRC,0.019386,37.25,-1.91,(-4.88%)
484,DXC Technology Co.,DXC,0.01937,23.1,-0.29,(-1.24%)
485,Apache Corporation,APA,0.019061,15.49,-0.26,(-1.65%)
486,FLIR Systems Inc.,FLIR,0.018134,42.33,0.58,-1.39%
487,Marathon Oil Corporation,MRO,0.018004,6.73,-0.18,(-2.60%)
488,People's United Financial Inc.,PBCT,0.017743,13,0.11,-0.85%
489,Leggett & Platt Incorporated,LEG,0.017477,41.75,-0.06,(-0.14%)
490,National Oilwell Varco Inc.,NOV,0.017209,13.7,-0.23,(-1.65%)
491,Ralph Lauren Corporation Class A,RL,0.016297,101.21,0.22,-0.22%
492,Hanesbrands Inc.,HBI,0.015993,14.43,0.26,-1.83%
493,Flowserve Corporation,FLS,0.015558,37.28,-0.33,(-0.88%)
494,Unum Group,UNM,0.014969,21.63,-0.5,(-2.26%)
495,Vontier Corp,VNT,0.014656,33.91,0.41,-1.22%
496,Discovery Inc. Class A,DISCA,0.01463,27.75,-0.99,(-3.44%)
497,Fox Corporation Class B,FOX,0.014572,27.79,-0.37,(-1.31%)
498,SL Green Realty Corp.,SLG,0.014289,58.11,-2.06,(-3.42%)
499,Xerox Holdings Corporation,XRX,0.01392,22.86,-0.27,(-1.17%)
500,Gap Inc.,GPS,0.013817,20.21,-0.54,(-2.60%)
501,TechnipFMC Plc,FTI,0.013177,9.48,-0.21,(-2.17%)
502,HollyFrontier Corporation,HFC,0.01231,25.17,-0.47,(-1.83%)
503,Under Armour Inc. Class A,UAA,0.01023,17.37,-0.05,(-0.29%)
504,Under Armour Inc. Class C,UA,0.009545,15.1,-0.13,(-0.85%)
505,News Corporation Class B,NWS,0.00703,17.29,-0.3,(-1.71%)
506,Apartment Investment & Management Co Class A,AIV,0.002273,4.52,-0.13,(-2.80%)